Stock,Predict,Yield (%)
ALGN,336.70532,10.518387126081791
ISRG,268.57678,10.407296017190006
IDXX,489.97437,9.283898419586302
AMZN,3159.751,9.260979735077365
CHTR,501.67847,8.708417823339927
